nat,adv,inv
12509,866,1.7221490108605586
11945,7827,0.0414608271435053
11192,7984,0.0126221336499609
